{"loss": 0.023930540308356285, "accuracy": 1.0, "primary_eval_metric": 1.0, "f1": 1.0, "primary": 1.0, "epoch": 95.57333333333334, "early_stopping_score": 1.0, "early_stopping_best_score": 1.0, "early_stopping_boredom": 11, "_timestamp": 1736286758.0758793, "_runtime": 3.7608044147491455, "_step": 112, "train_loss": 0.007441291585564613, "_wandb": {"runtime": 2}}