{"loss": 13.603919982910156, "accuracy": 0.0625, "primary_eval_metric": 0.0625, "f1": 0.0625, "primary": 0.0625, "epoch": 95.57333333333334, "early_stopping_score": 0.0625, "early_stopping_best_score": 0.125, "early_stopping_boredom": 10, "_timestamp": 1736286096.8040788, "_runtime": 4.295283794403076, "_step": 112, "train_loss": 44.418548583984375, "_wandb": {"runtime": 3}}