{"loss": 2.659090280532837, "accuracy": 0.0, "primary_eval_metric": 0.0, "f1": 0.0, "primary": 0.0, "epoch": 95.57333333333334, "early_stopping_score": 0.0, "early_stopping_best_score": 0.0, "early_stopping_boredom": 13, "_timestamp": 1736204001.8143687, "_runtime": 5.415442705154419, "_step": 112, "train_loss": 2.6239428520202637, "_wandb": {"runtime": 4}}