{"loss": 42.54242706298828, "accuracy": 0.3125, "primary_eval_metric": 0.3125, "f1": 0.3125, "primary": 0.3125, "epoch": 95.57333333333334, "early_stopping_score": 0.3125, "early_stopping_best_score": 0.3125, "early_stopping_boredom": 3, "_timestamp": 1736286478.3306003, "_runtime": 3.7333343029022217, "_step": 112, "train_loss": 156.45797729492188, "_wandb": {"runtime": 2}}