{"loss": 119.10688781738281, "accuracy": 0.1875, "primary_eval_metric": 0.1875, "f1": 0.1875, "primary": 0.1875, "epoch": 95.57333333333334, "early_stopping_score": 0.1875, "early_stopping_best_score": 0.1875, "early_stopping_boredom": 13, "_timestamp": 1736286492.8566265, "_runtime": 3.907764434814453, "_step": 112, "train_loss": 245.40655517578125, "_wandb": {"runtime": 2}}