{"loss": 0.35918232798576355, "accuracy": 0.875, "primary_eval_metric": 0.875, "f1": 0.875, "primary": 0.875, "epoch": 95.57333333333334, "early_stopping_score": 0.875, "early_stopping_best_score": 0.9375, "early_stopping_boredom": 1, "_timestamp": 1736286478.9163725, "_runtime": 3.7089295387268066, "_step": 112, "train_loss": 11.039833068847656, "_wandb": {"runtime": 2}}