{"loss": 1.5802232027053833, "accuracy": 0.625, "primary_eval_metric": 0.625, "f1": 0.625, "primary": 0.625, "epoch": 95.57333333333334, "early_stopping_score": 0.625, "early_stopping_best_score": 0.6875, "early_stopping_boredom": 6, "_timestamp": 1736286405.325511, "_runtime": 3.8359580039978027, "_step": 112, "train_loss": 2.8187122344970703, "_wandb": {"runtime": 2}}