{"loss": 14.952914237976074, "accuracy": 0.0625, "primary_eval_metric": 0.0625, "f1": 0.0625, "primary": 0.0625, "epoch": 95.57333333333334, "early_stopping_score": 0.0625, "early_stopping_best_score": 0.0625, "early_stopping_boredom": 13, "_timestamp": 1736286571.0038524, "_runtime": 4.01641845703125, "_step": 112, "train_loss": 152.95704650878906, "_wandb": {"runtime": 2}}