{"loss": 119.12000274658203, "accuracy": 0.1875, "primary_eval_metric": 0.1875, "f1": 0.1875, "primary": 0.1875, "epoch": 95.57333333333334, "early_stopping_score": 0.1875, "early_stopping_best_score": 0.1875, "early_stopping_boredom": 13, "_timestamp": 1736286463.5760925, "_runtime": 3.849571466445923, "_step": 112, "train_loss": 245.41366577148438, "_wandb": {"runtime": 2}}