{"loss": 14.686742782592773, "accuracy": 0.25, "primary_eval_metric": 0.25, "f1": 0.25, "primary": 0.25, "epoch": 95.57333333333334, "early_stopping_score": 0.25, "early_stopping_best_score": 0.3125, "early_stopping_boredom": 1, "_timestamp": 1736286052.9716408, "_runtime": 3.733193874359131, "_step": 112, "train_loss": 44.61241149902344, "_wandb": {"runtime": 2}}