{"loss": 1.8178211450576782, "accuracy": 0.625, "primary_eval_metric": 0.625, "f1": 0.625, "primary": 0.625, "epoch": 95.57333333333334, "early_stopping_score": 0.625, "early_stopping_best_score": 0.625, "early_stopping_boredom": 2, "_timestamp": 1736286842.1412885, "_runtime": 4.602837562561035, "_step": 112, "train_loss": 1.7341687679290771, "_wandb": {"runtime": 3}}