{"loss": 4.753336270368891e-06, "accuracy": 1.0, "primary_eval_metric": 1.0, "f1": 1.0, "primary": 1.0, "epoch": 95.57333333333334, "early_stopping_score": 1.0, "early_stopping_best_score": 1.0, "early_stopping_boredom": 2, "_timestamp": 1736286053.5389185, "_runtime": 3.7828874588012695, "_step": 112, "train_loss": 2.0009446144104004, "_wandb": {"runtime": 2}}