{"loss": 1.3606421947479248, "accuracy": 0.6875, "primary_eval_metric": 0.6875, "f1": 0.6875, "primary": 0.6875, "epoch": 95.57333333333334, "early_stopping_score": 0.6875, "early_stopping_best_score": 0.625, "early_stopping_boredom": 9, "_timestamp": 1736286434.2132845, "_runtime": 3.8000235557556152, "_step": 112, "train_loss": 2.233480930328369, "_wandb": {"runtime": 2}}