{"loss": 0.4793524444103241, "accuracy": 0.875, "primary_eval_metric": 0.875, "f1": 0.875, "primary": 0.875, "epoch": 95.57333333333334, "early_stopping_score": 0.875, "early_stopping_best_score": 0.75, "early_stopping_boredom": 4, "_timestamp": 1736286198.508896, "_runtime": 3.8539540767669678, "_step": 112, "train_loss": 9.56411361694336, "_wandb": {"runtime": 2}}