{"loss": 31.914371490478516, "accuracy": 0.0625, "primary_eval_metric": 0.0625, "f1": 0.0625, "primary": 0.0625, "epoch": 95.57333333333334, "early_stopping_score": 0.0625, "early_stopping_best_score": 0.0625, "early_stopping_boredom": 13, "_timestamp": 1736286598.5561368, "_runtime": 4.181689739227295, "_step": 112, "train_loss": 238.06063842773438, "_wandb": {"runtime": 3}}