{"loss": 98.43451690673828, "accuracy": 0.1875, "primary_eval_metric": 0.1875, "f1": 0.1875, "primary": 0.1875, "epoch": 95.57333333333334, "early_stopping_score": 0.1875, "early_stopping_best_score": 0.1875, "early_stopping_boredom": 13, "_timestamp": 1736285999.0295606, "_runtime": 5.358320474624634, "_step": 112, "train_loss": 144.61331176757812, "_wandb": {"runtime": 4}}