{"loss": 119.10659790039062, "accuracy": 0.1875, "primary_eval_metric": 0.1875, "f1": 0.1875, "primary": 0.1875, "epoch": 95.57333333333334, "early_stopping_score": 0.1875, "early_stopping_best_score": 0.1875, "early_stopping_boredom": 13, "_timestamp": 1736286517.3108828, "_runtime": 4.090348720550537, "_step": 112, "train_loss": 245.40647888183594, "_wandb": {"runtime": 2}}