{"loss": 1.4677507351734675e-06, "accuracy": 1.0, "primary_eval_metric": 1.0, "f1": 1.0, "primary": 1.0, "epoch": 95.57333333333334, "early_stopping_score": 1.0, "early_stopping_best_score": 1.0, "early_stopping_boredom": 2, "_timestamp": 1736286032.2720695, "_runtime": 3.8061635494232178, "_step": 112, "train_loss": 1.9292887449264526, "_wandb": {"runtime": 2}}