{"loss": 14.686171531677246, "accuracy": 0.25, "primary_eval_metric": 0.25, "f1": 0.25, "primary": 0.25, "epoch": 95.57333333333334, "early_stopping_score": 0.25, "early_stopping_best_score": 0.3125, "early_stopping_boredom": 1, "_timestamp": 1736286079.751797, "_runtime": 3.9505858421325684, "_step": 112, "train_loss": 44.612396240234375, "_wandb": {"runtime": 2}}