{"loss": 105.90937805175781, "accuracy": 0.1875, "primary_eval_metric": 0.1875, "f1": 0.1875, "primary": 0.1875, "epoch": 95.57333333333334, "early_stopping_score": 0.1875, "early_stopping_best_score": 0.1875, "early_stopping_boredom": 13, "_timestamp": 1736286278.3158014, "_runtime": 4.1063783168792725, "_step": 112, "train_loss": 171.43115234375, "_wandb": {"runtime": 2}}