{"loss": 14.684670448303223, "accuracy": 0.25, "primary_eval_metric": 0.25, "f1": 0.25, "primary": 0.25, "epoch": 95.57333333333334, "early_stopping_score": 0.25, "early_stopping_best_score": 0.3125, "early_stopping_boredom": 1, "_timestamp": 1736286001.923437, "_runtime": 5.239037036895752, "_step": 112, "train_loss": 44.61326599121094, "_wandb": {"runtime": 4}}