{"loss": 2.4764721393585205, "accuracy": 0.1875, "primary_eval_metric": 0.1875, "f1": 0.1875, "primary": 0.1875, "epoch": 95.57333333333334, "early_stopping_score": 0.1875, "early_stopping_best_score": 0.3125, "early_stopping_boredom": 11, "_timestamp": 1736286645.6154342, "_runtime": 3.964865207672119, "_step": 112, "train_loss": 5.203986644744873, "_wandb": {"runtime": 2}}