{"loss": 22.082168579101562, "accuracy": 0.375, "primary_eval_metric": 0.375, "f1": 0.375, "primary": 0.375, "epoch": 95.57333333333334, "early_stopping_score": 0.375, "early_stopping_best_score": 0.25, "early_stopping_boredom": 8, "_timestamp": 1736286279.3797448, "_runtime": 4.196089744567871, "_step": 112, "train_loss": 83.44937896728516, "_wandb": {"runtime": 2}}