{"loss": 2.0774903297424316, "accuracy": 0.25, "primary_eval_metric": 0.25, "f1": 0.25, "primary": 0.25, "epoch": 95.57333333333334, "early_stopping_score": 0.25, "early_stopping_best_score": 0.25, "early_stopping_boredom": 5, "_timestamp": 1736286878.0089505, "_runtime": 4.069772481918335, "_step": 112, "train_loss": 2.3331503868103027, "_wandb": {"runtime": 2}}