{"loss": 0.5997279286384583, "accuracy": 1.0, "primary_eval_metric": 1.0, "f1": 1.0, "primary": 1.0, "epoch": 95.57333333333334, "early_stopping_score": 1.0, "early_stopping_best_score": 1.0, "early_stopping_boredom": 3, "_timestamp": 1736286698.2151127, "_runtime": 4.021137714385986, "_step": 112, "train_loss": 0.47246766090393066, "_wandb": {"runtime": 2}}